Region_Name,MeasureName,Month of ReportingPeriodEnd,MeasureValueSup
EAST OF ENGLAND,Unknown employment status at referral,Jul-21,140
EAST OF ENGLAND,Not employed at referral,Jul-21,80
EAST OF ENGLAND,Employed at referral,Jul-21,25
EAST OF ENGLAND,Unknown employment status at referral,Jun-21,205
EAST OF ENGLAND,Not employed at referral,Jun-21,80
EAST OF ENGLAND,Employed at referral,Jun-21,25
EAST OF ENGLAND,Unknown employment status at referral,May-21,155
EAST OF ENGLAND,Not employed at referral,May-21,65
EAST OF ENGLAND,Employed at referral,May-21,40
EAST OF ENGLAND,Unknown employment status at referral,Apr-21,145
EAST OF ENGLAND,Not employed at referral,Apr-21,70
EAST OF ENGLAND,Employed at referral,Apr-21,30
EAST OF ENGLAND,Unknown employment status at referral,Mar-21,125
EAST OF ENGLAND,Not employed at referral,Mar-21,50
EAST OF ENGLAND,Employed at referral,Mar-21,30
EAST OF ENGLAND,Unknown employment status at referral,Feb-21,100
EAST OF ENGLAND,Not employed at referral,Feb-21,50
EAST OF ENGLAND,Employed at referral,Feb-21,20
EAST OF ENGLAND,Unknown employment status at referral,Jan-21,85
EAST OF ENGLAND,Not employed at referral,Jan-21,50
EAST OF ENGLAND,Employed at referral,Jan-21,15
EAST OF ENGLAND,Unknown employment status at referral,Dec-20,80
EAST OF ENGLAND,Not employed at referral,Dec-20,20
EAST OF ENGLAND,Employed at referral,Dec-20,15
EAST OF ENGLAND,Unknown employment status at referral,Nov-20,160
EAST OF ENGLAND,Not employed at referral,Nov-20,30
EAST OF ENGLAND,Employed at referral,Nov-20,20
EAST OF ENGLAND,Unknown employment status at referral,Oct-20,170
EAST OF ENGLAND,Not employed at referral,Oct-20,50
EAST OF ENGLAND,Employed at referral,Oct-20,20
EAST OF ENGLAND,Unknown employment status at referral,Sep-20,175
EAST OF ENGLAND,Not employed at referral,Sep-20,40
EAST OF ENGLAND,Employed at referral,Sep-20,20
EAST OF ENGLAND,Unknown employment status at referral,Aug-20,190
EAST OF ENGLAND,Not employed at referral,Aug-20,55
EAST OF ENGLAND,Employed at referral,Aug-20,15
EAST OF ENGLAND,Unknown employment status at referral,Jul-20,105
EAST OF ENGLAND,Not employed at referral,Jul-20,60
EAST OF ENGLAND,Employed at referral,Jul-20,20
EAST OF ENGLAND,Unknown employment status at referral,Jun-20,90
EAST OF ENGLAND,Not employed at referral,Jun-20,35
EAST OF ENGLAND,Employed at referral,Jun-20,10
EAST OF ENGLAND,Unknown employment status at referral,May-20,70
EAST OF ENGLAND,Not employed at referral,May-20,20
EAST OF ENGLAND,Employed at referral,May-20,15
EAST OF ENGLAND,Unknown employment status at referral,Apr-20,55
EAST OF ENGLAND,Not employed at referral,Apr-20,35
EAST OF ENGLAND,Employed at referral,Apr-20,15
EAST OF ENGLAND,Unknown employment status at referral,Mar-20,35
EAST OF ENGLAND,Not employed at referral,Mar-20,100
EAST OF ENGLAND,Employed at referral,Mar-20,65
EAST OF ENGLAND,Unknown employment status at referral,Feb-20,60
EAST OF ENGLAND,Not employed at referral,Feb-20,110
EAST OF ENGLAND,Employed at referral,Feb-20,70
EAST OF ENGLAND,Unknown employment status at referral,Jan-20,50
EAST OF ENGLAND,Not employed at referral,Jan-20,135
EAST OF ENGLAND,Employed at referral,Jan-20,75
EAST OF ENGLAND,Unknown employment status at referral,Dec-19,45
EAST OF ENGLAND,Not employed at referral,Dec-19,90
EAST OF ENGLAND,Employed at referral,Dec-19,55
EAST OF ENGLAND,Unknown employment status at referral,Nov-19,55
EAST OF ENGLAND,Not employed at referral,Nov-19,100
EAST OF ENGLAND,Employed at referral,Nov-19,75
EAST OF ENGLAND,Unknown employment status at referral,Oct-19,45
EAST OF ENGLAND,Not employed at referral,Oct-19,120
EAST OF ENGLAND,Employed at referral,Oct-19,85
EAST OF ENGLAND,Unknown employment status at referral,Sep-19,55
EAST OF ENGLAND,Not employed at referral,Sep-19,75
EAST OF ENGLAND,Employed at referral,Sep-19,60
EAST OF ENGLAND,Unknown employment status at referral,Aug-19,40
EAST OF ENGLAND,Not employed at referral,Aug-19,60
EAST OF ENGLAND,Employed at referral,Aug-19,45
EAST OF ENGLAND,Unknown employment status at referral,Jul-19,55
EAST OF ENGLAND,Not employed at referral,Jul-19,85
EAST OF ENGLAND,Employed at referral,Jul-19,65
EAST OF ENGLAND,Unknown employment status at referral,Jun-19,50
EAST OF ENGLAND,Not employed at referral,Jun-19,60
EAST OF ENGLAND,Employed at referral,Jun-19,75
EAST OF ENGLAND,Unknown employment status at referral,May-19,35
EAST OF ENGLAND,Not employed at referral,May-19,80
EAST OF ENGLAND,Employed at referral,May-19,60
EAST OF ENGLAND,Unknown employment status at referral,Apr-19,45
EAST OF ENGLAND,Not employed at referral,Apr-19,95
EAST OF ENGLAND,Employed at referral,Apr-19,75
EAST OF ENGLAND,Unknown employment status at referral,Mar-19,45
EAST OF ENGLAND,Not employed at referral,Mar-19,85
EAST OF ENGLAND,Employed at referral,Mar-19,70
EAST OF ENGLAND,Unknown employment status at referral,Feb-19,30
EAST OF ENGLAND,Not employed at referral,Feb-19,45
EAST OF ENGLAND,Employed at referral,Feb-19,60
EAST OF ENGLAND,Unknown employment status at referral,Jan-19,30
EAST OF ENGLAND,Not employed at referral,Jan-19,50
EAST OF ENGLAND,Employed at referral,Jan-19,70
EAST OF ENGLAND,Unknown employment status at referral,Dec-18,5
EAST OF ENGLAND,Not employed at referral,Dec-18,15
EAST OF ENGLAND,Employed at referral,Dec-18,
EAST OF ENGLAND,Unknown employment status at referral,Nov-18,45
EAST OF ENGLAND,Not employed at referral,Nov-18,50
EAST OF ENGLAND,Employed at referral,Nov-18,60
EAST OF ENGLAND,Unknown employment status at referral,Oct-18,45
EAST OF ENGLAND,Not employed at referral,Oct-18,65
EAST OF ENGLAND,Employed at referral,Oct-18,85
EAST OF ENGLAND,Unknown employment status at referral,Sep-18,20
EAST OF ENGLAND,Not employed at referral,Sep-18,70
EAST OF ENGLAND,Employed at referral,Sep-18,65
EAST OF ENGLAND,Unknown employment status at referral,Aug-18,25
EAST OF ENGLAND,Not employed at referral,Aug-18,40
EAST OF ENGLAND,Employed at referral,Aug-18,50
LONDON,Unknown employment status at referral,Jul-21,125
LONDON,Not employed at referral,Jul-21,105
LONDON,Employed at referral,Jul-21,20
LONDON,Unknown employment status at referral,Jun-21,130
LONDON,Not employed at referral,Jun-21,145
LONDON,Employed at referral,Jun-21,25
LONDON,Unknown employment status at referral,May-21,110
LONDON,Not employed at referral,May-21,130
LONDON,Employed at referral,May-21,35
LONDON,Unknown employment status at referral,Apr-21,120
LONDON,Not employed at referral,Apr-21,125
LONDON,Employed at referral,Apr-21,40
LONDON,Unknown employment status at referral,Mar-21,105
LONDON,Not employed at referral,Mar-21,80
LONDON,Employed at referral,Mar-21,25
LONDON,Unknown employment status at referral,Feb-21,85
LONDON,Not employed at referral,Feb-21,85
LONDON,Employed at referral,Feb-21,15
LONDON,Unknown employment status at referral,Jan-21,110
LONDON,Not employed at referral,Jan-21,105
LONDON,Employed at referral,Jan-21,25
LONDON,Unknown employment status at referral,Dec-20,65
LONDON,Not employed at referral,Dec-20,90
LONDON,Employed at referral,Dec-20,15
LONDON,Unknown employment status at referral,Nov-20,110
LONDON,Not employed at referral,Nov-20,110
LONDON,Employed at referral,Nov-20,20
LONDON,Unknown employment status at referral,Oct-20,120
LONDON,Not employed at referral,Oct-20,140
LONDON,Employed at referral,Oct-20,35
LONDON,Unknown employment status at referral,Sep-20,110
LONDON,Not employed at referral,Sep-20,80
LONDON,Employed at referral,Sep-20,20
LONDON,Unknown employment status at referral,Aug-20,100
LONDON,Not employed at referral,Aug-20,75
LONDON,Employed at referral,Aug-20,20
LONDON,Unknown employment status at referral,Jul-20,90
LONDON,Not employed at referral,Jul-20,95
LONDON,Employed at referral,Jul-20,25
LONDON,Unknown employment status at referral,Jun-20,60
LONDON,Not employed at referral,Jun-20,75
LONDON,Employed at referral,Jun-20,20
LONDON,Unknown employment status at referral,May-20,55
LONDON,Not employed at referral,May-20,40
LONDON,Employed at referral,May-20,15
LONDON,Unknown employment status at referral,Apr-20,30
LONDON,Not employed at referral,Apr-20,30
LONDON,Employed at referral,Apr-20,15
LONDON,Unknown employment status at referral,Mar-20,60
LONDON,Not employed at referral,Mar-20,30
LONDON,Employed at referral,Mar-20,5
LONDON,Unknown employment status at referral,Feb-20,75
LONDON,Not employed at referral,Feb-20,50
LONDON,Employed at referral,Feb-20,15
LONDON,Unknown employment status at referral,Jan-20,100
LONDON,Not employed at referral,Jan-20,70
LONDON,Employed at referral,Jan-20,20
LONDON,Unknown employment status at referral,Dec-19,45
LONDON,Not employed at referral,Dec-19,75
LONDON,Employed at referral,Dec-19,20
LONDON,Unknown employment status at referral,Nov-19,35
LONDON,Not employed at referral,Nov-19,85
LONDON,Employed at referral,Nov-19,20
LONDON,Unknown employment status at referral,Oct-19,45
LONDON,Not employed at referral,Oct-19,145
LONDON,Employed at referral,Oct-19,25
LONDON,Unknown employment status at referral,Sep-19,60
LONDON,Not employed at referral,Sep-19,85
LONDON,Employed at referral,Sep-19,25
LONDON,Unknown employment status at referral,Aug-19,50
LONDON,Not employed at referral,Aug-19,80
LONDON,Employed at referral,Aug-19,25
LONDON,Unknown employment status at referral,Jul-19,55
LONDON,Not employed at referral,Jul-19,115
LONDON,Employed at referral,Jul-19,35
LONDON,Unknown employment status at referral,Jun-19,25
LONDON,Not employed at referral,Jun-19,80
LONDON,Employed at referral,Jun-19,20
LONDON,Unknown employment status at referral,May-19,45
LONDON,Not employed at referral,May-19,100
LONDON,Employed at referral,May-19,25
LONDON,Unknown employment status at referral,Apr-19,35
LONDON,Not employed at referral,Apr-19,90
LONDON,Employed at referral,Apr-19,35
LONDON,Unknown employment status at referral,Mar-19,20
LONDON,Not employed at referral,Mar-19,70
LONDON,Employed at referral,Mar-19,30
LONDON,Unknown employment status at referral,Feb-19,20
LONDON,Not employed at referral,Feb-19,75
LONDON,Employed at referral,Feb-19,35
LONDON,Unknown employment status at referral,Jan-19,30
LONDON,Not employed at referral,Jan-19,85
LONDON,Employed at referral,Jan-19,25
LONDON,Unknown employment status at referral,Dec-18,20
LONDON,Not employed at referral,Dec-18,65
LONDON,Employed at referral,Dec-18,15
LONDON,Unknown employment status at referral,Nov-18,20
LONDON,Not employed at referral,Nov-18,115
LONDON,Employed at referral,Nov-18,35
LONDON,Unknown employment status at referral,Oct-18,30
LONDON,Not employed at referral,Oct-18,100
LONDON,Employed at referral,Oct-18,45
LONDON,Unknown employment status at referral,Sep-18,5
LONDON,Not employed at referral,Sep-18,100
LONDON,Employed at referral,Sep-18,30
LONDON,Unknown employment status at referral,Aug-18,15
LONDON,Not employed at referral,Aug-18,120
LONDON,Employed at referral,Aug-18,20
LONDON,Unknown employment status at referral,Jul-18,10
LONDON,Not employed at referral,Jul-18,50
LONDON,Employed at referral,Jul-18,10
MIDLANDS,Unknown employment status at referral,Jul-21,165
MIDLANDS,Not employed at referral,Jul-21,180
MIDLANDS,Employed at referral,Jul-21,65
MIDLANDS,Unknown employment status at referral,Jun-21,195
MIDLANDS,Not employed at referral,Jun-21,115
MIDLANDS,Employed at referral,Jun-21,55
MIDLANDS,Unknown employment status at referral,May-21,145
MIDLANDS,Not employed at referral,May-21,115
MIDLANDS,Employed at referral,May-21,45
MIDLANDS,Unknown employment status at referral,Apr-21,185
MIDLANDS,Not employed at referral,Apr-21,195
MIDLANDS,Employed at referral,Apr-21,55
MIDLANDS,Unknown employment status at referral,Mar-21,140
MIDLANDS,Not employed at referral,Mar-21,100
MIDLANDS,Employed at referral,Mar-21,35
MIDLANDS,Unknown employment status at referral,Feb-21,85
MIDLANDS,Not employed at referral,Feb-21,65
MIDLANDS,Employed at referral,Feb-21,30
MIDLANDS,Unknown employment status at referral,Jan-21,85
MIDLANDS,Not employed at referral,Jan-21,70
MIDLANDS,Employed at referral,Jan-21,35
MIDLANDS,Unknown employment status at referral,Dec-20,75
MIDLANDS,Not employed at referral,Dec-20,60
MIDLANDS,Employed at referral,Dec-20,15
MIDLANDS,Unknown employment status at referral,Nov-20,105
MIDLANDS,Not employed at referral,Nov-20,85
MIDLANDS,Employed at referral,Nov-20,25
MIDLANDS,Unknown employment status at referral,Oct-20,75
MIDLANDS,Not employed at referral,Oct-20,85
MIDLANDS,Employed at referral,Oct-20,40
MIDLANDS,Unknown employment status at referral,Sep-20,110
MIDLANDS,Not employed at referral,Sep-20,80
MIDLANDS,Employed at referral,Sep-20,35
MIDLANDS,Unknown employment status at referral,Aug-20,80
MIDLANDS,Not employed at referral,Aug-20,65
MIDLANDS,Employed at referral,Aug-20,20
MIDLANDS,Unknown employment status at referral,Jul-20,85
MIDLANDS,Not employed at referral,Jul-20,85
MIDLANDS,Employed at referral,Jul-20,35
MIDLANDS,Unknown employment status at referral,Jun-20,65
MIDLANDS,Not employed at referral,Jun-20,65
MIDLANDS,Employed at referral,Jun-20,35
MIDLANDS,Unknown employment status at referral,May-20,35
MIDLANDS,Not employed at referral,May-20,40
MIDLANDS,Employed at referral,May-20,15
MIDLANDS,Unknown employment status at referral,Apr-20,20
MIDLANDS,Not employed at referral,Apr-20,30
MIDLANDS,Employed at referral,Apr-20,10
MIDLANDS,Unknown employment status at referral,Mar-20,30
MIDLANDS,Not employed at referral,Mar-20,65
MIDLANDS,Employed at referral,Mar-20,15
MIDLANDS,Unknown employment status at referral,Feb-20,60
MIDLANDS,Not employed at referral,Feb-20,95
MIDLANDS,Employed at referral,Feb-20,35
MIDLANDS,Unknown employment status at referral,Jan-20,75
MIDLANDS,Not employed at referral,Jan-20,100
MIDLANDS,Employed at referral,Jan-20,30
MIDLANDS,Unknown employment status at referral,Dec-19,30
MIDLANDS,Not employed at referral,Dec-19,45
MIDLANDS,Employed at referral,Dec-19,20
MIDLANDS,Unknown employment status at referral,Nov-19,50
MIDLANDS,Not employed at referral,Nov-19,50
MIDLANDS,Employed at referral,Nov-19,20
MIDLANDS,Unknown employment status at referral,Oct-19,65
MIDLANDS,Not employed at referral,Oct-19,90
MIDLANDS,Employed at referral,Oct-19,20
MIDLANDS,Unknown employment status at referral,Sep-19,60
MIDLANDS,Not employed at referral,Sep-19,50
MIDLANDS,Employed at referral,Sep-19,10
MIDLANDS,Unknown employment status at referral,Aug-19,75
MIDLANDS,Not employed at referral,Aug-19,80
MIDLANDS,Employed at referral,Aug-19,25
MIDLANDS,Unknown employment status at referral,Jul-19,50
MIDLANDS,Not employed at referral,Jul-19,55
MIDLANDS,Employed at referral,Jul-19,15
MIDLANDS,Unknown employment status at referral,Jun-19,55
MIDLANDS,Not employed at referral,Jun-19,50
MIDLANDS,Employed at referral,Jun-19,20
MIDLANDS,Unknown employment status at referral,May-19,65
MIDLANDS,Not employed at referral,May-19,55
MIDLANDS,Employed at referral,May-19,15
MIDLANDS,Unknown employment status at referral,Apr-19,60
MIDLANDS,Not employed at referral,Apr-19,45
MIDLANDS,Employed at referral,Apr-19,15
MIDLANDS,Unknown employment status at referral,Mar-19,30
MIDLANDS,Not employed at referral,Mar-19,45
MIDLANDS,Employed at referral,Mar-19,20
MIDLANDS,Unknown employment status at referral,Feb-19,80
MIDLANDS,Not employed at referral,Feb-19,60
MIDLANDS,Employed at referral,Feb-19,10
MIDLANDS,Unknown employment status at referral,Jan-19,45
MIDLANDS,Not employed at referral,Jan-19,80
MIDLANDS,Employed at referral,Jan-19,20
MIDLANDS,Unknown employment status at referral,Dec-18,25
MIDLANDS,Not employed at referral,Dec-18,45
MIDLANDS,Employed at referral,Dec-18,10
MIDLANDS,Unknown employment status at referral,Nov-18,45
MIDLANDS,Not employed at referral,Nov-18,55
MIDLANDS,Employed at referral,Nov-18,10
MIDLANDS,Unknown employment status at referral,Oct-18,10
MIDLANDS,Not employed at referral,Oct-18,30
MIDLANDS,Employed at referral,Oct-18,
MIDLANDS,Unknown employment status at referral,Sep-18,5
MIDLANDS,Not employed at referral,Sep-18,25
MIDLANDS,Employed at referral,Sep-18,5
MIDLANDS,Unknown employment status at referral,Aug-18,5
MIDLANDS,Not employed at referral,Aug-18,
MIDLANDS,Employed at referral,Aug-18,
MIDLANDS,Unknown employment status at referral,Jul-18,
MIDLANDS,Not employed at referral,Jul-18,10
MIDLANDS,Employed at referral,Jul-18,
MIDLANDS,Unknown employment status at referral,Jun-18,10
MIDLANDS,Not employed at referral,Jun-18,25
MIDLANDS,Employed at referral,Jun-18,
NORTH EAST AND YORKSHIRE,Unknown employment status at referral,Jul-21,25
NORTH EAST AND YORKSHIRE,Not employed at referral,Jul-21,55
NORTH EAST AND YORKSHIRE,Employed at referral,Jul-21,15
NORTH EAST AND YORKSHIRE,Unknown employment status at referral,Jun-21,60
NORTH EAST AND YORKSHIRE,Not employed at referral,Jun-21,65
NORTH EAST AND YORKSHIRE,Employed at referral,Jun-21,25
NORTH EAST AND YORKSHIRE,Unknown employment status at referral,May-21,50
NORTH EAST AND YORKSHIRE,Not employed at referral,May-21,65
NORTH EAST AND YORKSHIRE,Employed at referral,May-21,30
NORTH EAST AND YORKSHIRE,Unknown employment status at referral,Apr-21,55
NORTH EAST AND YORKSHIRE,Not employed at referral,Apr-21,80
NORTH EAST AND YORKSHIRE,Employed at referral,Apr-21,30
NORTH EAST AND YORKSHIRE,Unknown employment status at referral,Mar-21,15
NORTH EAST AND YORKSHIRE,Not employed at referral,Mar-21,45
NORTH EAST AND YORKSHIRE,Employed at referral,Mar-21,35
NORTH EAST AND YORKSHIRE,Unknown employment status at referral,Feb-21,15
NORTH EAST AND YORKSHIRE,Not employed at referral,Feb-21,85
NORTH EAST AND YORKSHIRE,Employed at referral,Feb-21,25
NORTH EAST AND YORKSHIRE,Unknown employment status at referral,Jan-21,20
NORTH EAST AND YORKSHIRE,Not employed at referral,Jan-21,70
NORTH EAST AND YORKSHIRE,Employed at referral,Jan-21,25
NORTH EAST AND YORKSHIRE,Unknown employment status at referral,Dec-20,5
NORTH EAST AND YORKSHIRE,Not employed at referral,Dec-20,30
NORTH EAST AND YORKSHIRE,Employed at referral,Dec-20,10
NORTH EAST AND YORKSHIRE,Unknown employment status at referral,Nov-20,15
NORTH EAST AND YORKSHIRE,Not employed at referral,Nov-20,50
NORTH EAST AND YORKSHIRE,Employed at referral,Nov-20,15
NORTH EAST AND YORKSHIRE,Unknown employment status at referral,Oct-20,10
NORTH EAST AND YORKSHIRE,Not employed at referral,Oct-20,60
NORTH EAST AND YORKSHIRE,Employed at referral,Oct-20,20
NORTH EAST AND YORKSHIRE,Unknown employment status at referral,Sep-20,20
NORTH EAST AND YORKSHIRE,Not employed at referral,Sep-20,45
NORTH EAST AND YORKSHIRE,Employed at referral,Sep-20,15
NORTH EAST AND YORKSHIRE,Unknown employment status at referral,Aug-20,15
NORTH EAST AND YORKSHIRE,Not employed at referral,Aug-20,40
NORTH EAST AND YORKSHIRE,Employed at referral,Aug-20,15
NORTH EAST AND YORKSHIRE,Unknown employment status at referral,Jul-20,20
NORTH EAST AND YORKSHIRE,Not employed at referral,Jul-20,45
NORTH EAST AND YORKSHIRE,Employed at referral,Jul-20,25
NORTH EAST AND YORKSHIRE,Unknown employment status at referral,Jun-20,15
NORTH EAST AND YORKSHIRE,Not employed at referral,Jun-20,60
NORTH EAST AND YORKSHIRE,Employed at referral,Jun-20,20
NORTH EAST AND YORKSHIRE,Unknown employment status at referral,May-20,10
NORTH EAST AND YORKSHIRE,Not employed at referral,May-20,45
NORTH EAST AND YORKSHIRE,Employed at referral,May-20,15
NORTH EAST AND YORKSHIRE,Unknown employment status at referral,Apr-20,5
NORTH EAST AND YORKSHIRE,Not employed at referral,Apr-20,10
NORTH EAST AND YORKSHIRE,Employed at referral,Apr-20,10
NORTH EAST AND YORKSHIRE,Unknown employment status at referral,Mar-20,5
NORTH EAST AND YORKSHIRE,Not employed at referral,Mar-20,20
NORTH EAST AND YORKSHIRE,Employed at referral,Mar-20,10
NORTH EAST AND YORKSHIRE,Unknown employment status at referral,Feb-20,
NORTH EAST AND YORKSHIRE,Not employed at referral,Feb-20,20
NORTH EAST AND YORKSHIRE,Employed at referral,Feb-20,
NORTH EAST AND YORKSHIRE,Unknown employment status at referral,Jan-20,
NORTH EAST AND YORKSHIRE,Not employed at referral,Jan-20,20
NORTH EAST AND YORKSHIRE,Employed at referral,Jan-20,5
NORTH EAST AND YORKSHIRE,Unknown employment status at referral,Dec-19,
NORTH EAST AND YORKSHIRE,Not employed at referral,Dec-19,10
NORTH EAST AND YORKSHIRE,Employed at referral,Dec-19,
NORTH EAST AND YORKSHIRE,Unknown employment status at referral,Nov-19,
NORTH EAST AND YORKSHIRE,Not employed at referral,Nov-19,10
NORTH EAST AND YORKSHIRE,Employed at referral,Nov-19,
NORTH EAST AND YORKSHIRE,Unknown employment status at referral,Oct-19,15
NORTH EAST AND YORKSHIRE,Not employed at referral,Oct-19,70
NORTH EAST AND YORKSHIRE,Employed at referral,Oct-19,25
NORTH EAST AND YORKSHIRE,Unknown employment status at referral,Sep-19,
NORTH EAST AND YORKSHIRE,Not employed at referral,Sep-19,15
NORTH EAST AND YORKSHIRE,Employed at referral,Sep-19,
NORTH EAST AND YORKSHIRE,Unknown employment status at referral,Aug-19,
NORTH EAST AND YORKSHIRE,Not employed at referral,Aug-19,10
NORTH EAST AND YORKSHIRE,Employed at referral,Aug-19,
NORTH EAST AND YORKSHIRE,Unknown employment status at referral,Jul-19,5
NORTH EAST AND YORKSHIRE,Not employed at referral,Jul-19,15
NORTH EAST AND YORKSHIRE,Employed at referral,Jul-19,
NORTH EAST AND YORKSHIRE,Unknown employment status at referral,Jun-19,
NORTH EAST AND YORKSHIRE,Not employed at referral,Jun-19,
NORTH EAST AND YORKSHIRE,Employed at referral,Jun-19,
NORTH EAST AND YORKSHIRE,Unknown employment status at referral,May-19,
NORTH EAST AND YORKSHIRE,Not employed at referral,May-19,
NORTH EAST AND YORKSHIRE,Employed at referral,May-19,
NORTH EAST AND YORKSHIRE,Unknown employment status at referral,Apr-19,
NORTH EAST AND YORKSHIRE,Not employed at referral,Apr-19,
NORTH EAST AND YORKSHIRE,Employed at referral,Apr-19,
NORTH EAST AND YORKSHIRE,Unknown employment status at referral,Mar-19,
NORTH EAST AND YORKSHIRE,Not employed at referral,Mar-19,
NORTH EAST AND YORKSHIRE,Employed at referral,Mar-19,
NORTH EAST AND YORKSHIRE,Unknown employment status at referral,Feb-19,
NORTH EAST AND YORKSHIRE,Not employed at referral,Feb-19,
NORTH EAST AND YORKSHIRE,Employed at referral,Feb-19,
NORTH EAST AND YORKSHIRE,Unknown employment status at referral,Jan-19,
NORTH EAST AND YORKSHIRE,Not employed at referral,Jan-19,
NORTH EAST AND YORKSHIRE,Employed at referral,Jan-19,
NORTH EAST AND YORKSHIRE,Unknown employment status at referral,Dec-18,
NORTH EAST AND YORKSHIRE,Not employed at referral,Dec-18,
NORTH EAST AND YORKSHIRE,Employed at referral,Dec-18,
NORTH EAST AND YORKSHIRE,Unknown employment status at referral,Nov-18,
NORTH EAST AND YORKSHIRE,Not employed at referral,Nov-18,
NORTH EAST AND YORKSHIRE,Employed at referral,Nov-18,
NORTH EAST AND YORKSHIRE,Unknown employment status at referral,Oct-18,
NORTH EAST AND YORKSHIRE,Not employed at referral,Oct-18,
NORTH EAST AND YORKSHIRE,Employed at referral,Oct-18,
NORTH EAST AND YORKSHIRE,Unknown employment status at referral,Sep-18,
NORTH EAST AND YORKSHIRE,Not employed at referral,Sep-18,
NORTH EAST AND YORKSHIRE,Employed at referral,Sep-18,
NORTH EAST AND YORKSHIRE,Unknown employment status at referral,Aug-18,
NORTH EAST AND YORKSHIRE,Not employed at referral,Aug-18,
NORTH EAST AND YORKSHIRE,Employed at referral,Aug-18,
NORTH EAST AND YORKSHIRE,Unknown employment status at referral,Jul-18,
NORTH EAST AND YORKSHIRE,Not employed at referral,Jul-18,
NORTH EAST AND YORKSHIRE,Employed at referral,Jul-18,
NORTH WEST,Unknown employment status at referral,Jul-21,20
NORTH WEST,Not employed at referral,Jul-21,30
NORTH WEST,Employed at referral,Jul-21,
NORTH WEST,Unknown employment status at referral,Jun-21,20
NORTH WEST,Not employed at referral,Jun-21,20
NORTH WEST,Employed at referral,Jun-21,
NORTH WEST,Unknown employment status at referral,May-21,20
NORTH WEST,Not employed at referral,May-21,20
NORTH WEST,Employed at referral,May-21,
NORTH WEST,Unknown employment status at referral,Apr-21,30
NORTH WEST,Not employed at referral,Apr-21,35
NORTH WEST,Employed at referral,Apr-21,5
NORTH WEST,Unknown employment status at referral,Mar-21,30
NORTH WEST,Not employed at referral,Mar-21,15
NORTH WEST,Employed at referral,Mar-21,
NORTH WEST,Unknown employment status at referral,Feb-21,25
NORTH WEST,Not employed at referral,Feb-21,25
NORTH WEST,Employed at referral,Feb-21,5
NORTH WEST,Unknown employment status at referral,Jan-21,30
NORTH WEST,Not employed at referral,Jan-21,20
NORTH WEST,Employed at referral,Jan-21,5
NORTH WEST,Unknown employment status at referral,Dec-20,15
NORTH WEST,Not employed at referral,Dec-20,10
NORTH WEST,Employed at referral,Dec-20,
NORTH WEST,Unknown employment status at referral,Nov-20,20
NORTH WEST,Not employed at referral,Nov-20,35
NORTH WEST,Employed at referral,Nov-20,
NORTH WEST,Unknown employment status at referral,Oct-20,15
NORTH WEST,Not employed at referral,Oct-20,30
NORTH WEST,Employed at referral,Oct-20,
NORTH WEST,Unknown employment status at referral,Sep-20,25
NORTH WEST,Not employed at referral,Sep-20,25
NORTH WEST,Employed at referral,Sep-20,
NORTH WEST,Unknown employment status at referral,Aug-20,30
NORTH WEST,Not employed at referral,Aug-20,25
NORTH WEST,Employed at referral,Aug-20,
NORTH WEST,Unknown employment status at referral,Jul-20,30
NORTH WEST,Not employed at referral,Jul-20,20
NORTH WEST,Employed at referral,Jul-20,5
NORTH WEST,Unknown employment status at referral,Jun-20,35
NORTH WEST,Not employed at referral,Jun-20,30
NORTH WEST,Employed at referral,Jun-20,20
NORTH WEST,Unknown employment status at referral,May-20,
NORTH WEST,Not employed at referral,May-20,25
NORTH WEST,Employed at referral,May-20,5
NORTH WEST,Unknown employment status at referral,Apr-20,5
NORTH WEST,Not employed at referral,Apr-20,15
NORTH WEST,Employed at referral,Apr-20,
NORTH WEST,Unknown employment status at referral,Mar-20,10
NORTH WEST,Not employed at referral,Mar-20,10
NORTH WEST,Employed at referral,Mar-20,
NORTH WEST,Unknown employment status at referral,Feb-20,10
NORTH WEST,Not employed at referral,Feb-20,30
NORTH WEST,Employed at referral,Feb-20,5
NORTH WEST,Unknown employment status at referral,Jan-20,25
NORTH WEST,Not employed at referral,Jan-20,35
NORTH WEST,Employed at referral,Jan-20,10
NORTH WEST,Unknown employment status at referral,Dec-19,15
NORTH WEST,Not employed at referral,Dec-19,10
NORTH WEST,Employed at referral,Dec-19,
NORTH WEST,Unknown employment status at referral,Nov-19,15
NORTH WEST,Not employed at referral,Nov-19,20
NORTH WEST,Employed at referral,Nov-19,
NORTH WEST,Unknown employment status at referral,Oct-19,15
NORTH WEST,Not employed at referral,Oct-19,20
NORTH WEST,Employed at referral,Oct-19,5
NORTH WEST,Unknown employment status at referral,Sep-19,40
NORTH WEST,Not employed at referral,Sep-19,40
NORTH WEST,Employed at referral,Sep-19,5
NORTH WEST,Unknown employment status at referral,Aug-19,5
NORTH WEST,Not employed at referral,Aug-19,10
NORTH WEST,Employed at referral,Aug-19,
NORTH WEST,Unknown employment status at referral,Jul-19,15
NORTH WEST,Not employed at referral,Jul-19,20
NORTH WEST,Employed at referral,Jul-19,
NORTH WEST,Unknown employment status at referral,Jun-19,10
NORTH WEST,Not employed at referral,Jun-19,10
NORTH WEST,Employed at referral,Jun-19,
NORTH WEST,Unknown employment status at referral,May-19,
NORTH WEST,Not employed at referral,May-19,10
NORTH WEST,Employed at referral,May-19,
NORTH WEST,Unknown employment status at referral,Apr-19,15
NORTH WEST,Not employed at referral,Apr-19,10
NORTH WEST,Employed at referral,Apr-19,
NORTH WEST,Unknown employment status at referral,Mar-19,5
NORTH WEST,Not employed at referral,Mar-19,15
NORTH WEST,Employed at referral,Mar-19,
NORTH WEST,Unknown employment status at referral,Feb-19,
NORTH WEST,Not employed at referral,Feb-19,5
NORTH WEST,Employed at referral,Feb-19,
NORTH WEST,Unknown employment status at referral,Jan-19,
NORTH WEST,Not employed at referral,Jan-19,
NORTH WEST,Employed at referral,Jan-19,
NORTH WEST,Unknown employment status at referral,Dec-18,
NORTH WEST,Not employed at referral,Dec-18,
NORTH WEST,Employed at referral,Dec-18,
NORTH WEST,Unknown employment status at referral,Nov-18,5
NORTH WEST,Not employed at referral,Nov-18,5
NORTH WEST,Employed at referral,Nov-18,
NORTH WEST,Unknown employment status at referral,Oct-18,10
NORTH WEST,Not employed at referral,Oct-18,10
NORTH WEST,Employed at referral,Oct-18,
NORTH WEST,Unknown employment status at referral,Sep-18,10
NORTH WEST,Not employed at referral,Sep-18,10
NORTH WEST,Employed at referral,Sep-18,
NORTH WEST,Unknown employment status at referral,Aug-18,
NORTH WEST,Not employed at referral,Aug-18,
NORTH WEST,Employed at referral,Aug-18,
NORTH WEST,Unknown employment status at referral,Jul-18,
NORTH WEST,Not employed at referral,Jul-18,
NORTH WEST,Employed at referral,Jul-18,
SOUTH EAST,Unknown employment status at referral,Jul-21,35
SOUTH EAST,Not employed at referral,Jul-21,65
SOUTH EAST,Employed at referral,Jul-21,30
SOUTH EAST,Unknown employment status at referral,Jun-21,95
SOUTH EAST,Not employed at referral,Jun-21,20
SOUTH EAST,Employed at referral,Jun-21,15
SOUTH EAST,Unknown employment status at referral,May-21,50
SOUTH EAST,Not employed at referral,May-21,40
SOUTH EAST,Employed at referral,May-21,15
SOUTH EAST,Unknown employment status at referral,Apr-21,50
SOUTH EAST,Not employed at referral,Apr-21,35
SOUTH EAST,Employed at referral,Apr-21,15
SOUTH EAST,Unknown employment status at referral,Mar-21,10
SOUTH EAST,Not employed at referral,Mar-21,65
SOUTH EAST,Employed at referral,Mar-21,25
SOUTH EAST,Unknown employment status at referral,Feb-21,10
SOUTH EAST,Not employed at referral,Feb-21,50
SOUTH EAST,Employed at referral,Feb-21,20
SOUTH EAST,Unknown employment status at referral,Jan-21,15
SOUTH EAST,Not employed at referral,Jan-21,30
SOUTH EAST,Employed at referral,Jan-21,20
SOUTH EAST,Unknown employment status at referral,Dec-20,15
SOUTH EAST,Not employed at referral,Dec-20,45
SOUTH EAST,Employed at referral,Dec-20,10
SOUTH EAST,Unknown employment status at referral,Nov-20,10
SOUTH EAST,Not employed at referral,Nov-20,50
SOUTH EAST,Employed at referral,Nov-20,20
SOUTH EAST,Unknown employment status at referral,Oct-20,25
SOUTH EAST,Not employed at referral,Oct-20,60
SOUTH EAST,Employed at referral,Oct-20,25
SOUTH EAST,Unknown employment status at referral,Sep-20,25
SOUTH EAST,Not employed at referral,Sep-20,60
SOUTH EAST,Employed at referral,Sep-20,20
SOUTH EAST,Unknown employment status at referral,Aug-20,15
SOUTH EAST,Not employed at referral,Aug-20,45
SOUTH EAST,Employed at referral,Aug-20,25
SOUTH EAST,Unknown employment status at referral,Jul-20,15
SOUTH EAST,Not employed at referral,Jul-20,65
SOUTH EAST,Employed at referral,Jul-20,30
SOUTH EAST,Unknown employment status at referral,Jun-20,25
SOUTH EAST,Not employed at referral,Jun-20,70
SOUTH EAST,Employed at referral,Jun-20,25
SOUTH EAST,Unknown employment status at referral,May-20,15
SOUTH EAST,Not employed at referral,May-20,50
SOUTH EAST,Employed at referral,May-20,15
SOUTH EAST,Unknown employment status at referral,Apr-20,10
SOUTH EAST,Not employed at referral,Apr-20,30
SOUTH EAST,Employed at referral,Apr-20,10
SOUTH EAST,Unknown employment status at referral,Mar-20,5
SOUTH EAST,Not employed at referral,Mar-20,30
SOUTH EAST,Employed at referral,Mar-20,10
SOUTH EAST,Unknown employment status at referral,Feb-20,5
SOUTH EAST,Not employed at referral,Feb-20,35
SOUTH EAST,Employed at referral,Feb-20,20
SOUTH EAST,Unknown employment status at referral,Jan-20,15
SOUTH EAST,Not employed at referral,Jan-20,55
SOUTH EAST,Employed at referral,Jan-20,15
SOUTH EAST,Unknown employment status at referral,Dec-19,10
SOUTH EAST,Not employed at referral,Dec-19,40
SOUTH EAST,Employed at referral,Dec-19,10
SOUTH EAST,Unknown employment status at referral,Nov-19,15
SOUTH EAST,Not employed at referral,Nov-19,55
SOUTH EAST,Employed at referral,Nov-19,15
SOUTH EAST,Unknown employment status at referral,Oct-19,
SOUTH EAST,Not employed at referral,Oct-19,35
SOUTH EAST,Employed at referral,Oct-19,15
SOUTH EAST,Unknown employment status at referral,Sep-19,5
SOUTH EAST,Not employed at referral,Sep-19,25
SOUTH EAST,Employed at referral,Sep-19,15
SOUTH EAST,Unknown employment status at referral,Aug-19,5
SOUTH EAST,Not employed at referral,Aug-19,35
SOUTH EAST,Employed at referral,Aug-19,10
SOUTH EAST,Unknown employment status at referral,Jul-19,10
SOUTH EAST,Not employed at referral,Jul-19,30
SOUTH EAST,Employed at referral,Jul-19,10
SOUTH EAST,Unknown employment status at referral,Jun-19,
SOUTH EAST,Not employed at referral,Jun-19,50
SOUTH EAST,Employed at referral,Jun-19,15
SOUTH EAST,Unknown employment status at referral,May-19,5
SOUTH EAST,Not employed at referral,May-19,35
SOUTH EAST,Employed at referral,May-19,10
SOUTH EAST,Unknown employment status at referral,Apr-19,10
SOUTH EAST,Not employed at referral,Apr-19,25
SOUTH EAST,Employed at referral,Apr-19,10
SOUTH EAST,Unknown employment status at referral,Mar-19,5
SOUTH EAST,Not employed at referral,Mar-19,35
SOUTH EAST,Employed at referral,Mar-19,
SOUTH EAST,Unknown employment status at referral,Feb-19,50
SOUTH EAST,Not employed at referral,Feb-19,45
SOUTH EAST,Employed at referral,Feb-19,20
SOUTH EAST,Unknown employment status at referral,Jan-19,45
SOUTH EAST,Not employed at referral,Jan-19,45
SOUTH EAST,Employed at referral,Jan-19,15
SOUTH EAST,Unknown employment status at referral,Dec-18,
SOUTH EAST,Not employed at referral,Dec-18,10
SOUTH EAST,Employed at referral,Dec-18,
SOUTH EAST,Unknown employment status at referral,Nov-18,
SOUTH EAST,Not employed at referral,Nov-18,15
SOUTH EAST,Employed at referral,Nov-18,
SOUTH EAST,Unknown employment status at referral,Oct-18,
SOUTH EAST,Not employed at referral,Oct-18,15
SOUTH EAST,Employed at referral,Oct-18,
SOUTH EAST,Unknown employment status at referral,Sep-18,
SOUTH EAST,Not employed at referral,Sep-18,5
SOUTH EAST,Employed at referral,Sep-18,
SOUTH EAST,Unknown employment status at referral,Jul-18,
SOUTH EAST,Not employed at referral,Jul-18,
SOUTH EAST,Employed at referral,Jul-18,
SOUTH WEST,Unknown employment status at referral,Jul-21,40
SOUTH WEST,Not employed at referral,Jul-21,60
SOUTH WEST,Employed at referral,Jul-21,35
SOUTH WEST,Unknown employment status at referral,Jun-21,50
SOUTH WEST,Not employed at referral,Jun-21,70
SOUTH WEST,Employed at referral,Jun-21,45
SOUTH WEST,Unknown employment status at referral,May-21,30
SOUTH WEST,Not employed at referral,May-21,85
SOUTH WEST,Employed at referral,May-21,45
SOUTH WEST,Unknown employment status at referral,Apr-21,45
SOUTH WEST,Not employed at referral,Apr-21,85
SOUTH WEST,Employed at referral,Apr-21,55
SOUTH WEST,Unknown employment status at referral,Mar-21,45
SOUTH WEST,Not employed at referral,Mar-21,95
SOUTH WEST,Employed at referral,Mar-21,50
SOUTH WEST,Unknown employment status at referral,Feb-21,30
SOUTH WEST,Not employed at referral,Feb-21,70
SOUTH WEST,Employed at referral,Feb-21,45
SOUTH WEST,Unknown employment status at referral,Jan-21,40
SOUTH WEST,Not employed at referral,Jan-21,40
SOUTH WEST,Employed at referral,Jan-21,45
SOUTH WEST,Unknown employment status at referral,Dec-20,30
SOUTH WEST,Not employed at referral,Dec-20,55
SOUTH WEST,Employed at referral,Dec-20,30
SOUTH WEST,Unknown employment status at referral,Nov-20,35
SOUTH WEST,Not employed at referral,Nov-20,70
SOUTH WEST,Employed at referral,Nov-20,45
SOUTH WEST,Unknown employment status at referral,Oct-20,35
SOUTH WEST,Not employed at referral,Oct-20,75
SOUTH WEST,Employed at referral,Oct-20,50
SOUTH WEST,Unknown employment status at referral,Sep-20,40
SOUTH WEST,Not employed at referral,Sep-20,85
SOUTH WEST,Employed at referral,Sep-20,40
SOUTH WEST,Unknown employment status at referral,Aug-20,30
SOUTH WEST,Not employed at referral,Aug-20,45
SOUTH WEST,Employed at referral,Aug-20,40
SOUTH WEST,Unknown employment status at referral,Jul-20,35
SOUTH WEST,Not employed at referral,Jul-20,55
SOUTH WEST,Employed at referral,Jul-20,45
SOUTH WEST,Unknown employment status at referral,Jun-20,35
SOUTH WEST,Not employed at referral,Jun-20,55
SOUTH WEST,Employed at referral,Jun-20,35
SOUTH WEST,Unknown employment status at referral,May-20,20
SOUTH WEST,Not employed at referral,May-20,30
SOUTH WEST,Employed at referral,May-20,20
SOUTH WEST,Unknown employment status at referral,Apr-20,25
SOUTH WEST,Not employed at referral,Apr-20,25
SOUTH WEST,Employed at referral,Apr-20,20
SOUTH WEST,Unknown employment status at referral,Mar-20,15
SOUTH WEST,Not employed at referral,Mar-20,45
SOUTH WEST,Employed at referral,Mar-20,30
SOUTH WEST,Unknown employment status at referral,Feb-20,20
SOUTH WEST,Not employed at referral,Feb-20,60
SOUTH WEST,Employed at referral,Feb-20,45
SOUTH WEST,Unknown employment status at referral,Jan-20,15
SOUTH WEST,Not employed at referral,Jan-20,75
SOUTH WEST,Employed at referral,Jan-20,45
SOUTH WEST,Unknown employment status at referral,Dec-19,15
SOUTH WEST,Not employed at referral,Dec-19,35
SOUTH WEST,Employed at referral,Dec-19,20
SOUTH WEST,Unknown employment status at referral,Nov-19,15
SOUTH WEST,Not employed at referral,Nov-19,50
SOUTH WEST,Employed at referral,Nov-19,40
SOUTH WEST,Unknown employment status at referral,Oct-19,30
SOUTH WEST,Not employed at referral,Oct-19,85
SOUTH WEST,Employed at referral,Oct-19,45
SOUTH WEST,Unknown employment status at referral,Sep-19,20
SOUTH WEST,Not employed at referral,Sep-19,40
SOUTH WEST,Employed at referral,Sep-19,30
SOUTH WEST,Unknown employment status at referral,Aug-19,20
SOUTH WEST,Not employed at referral,Aug-19,30
SOUTH WEST,Employed at referral,Aug-19,30
SOUTH WEST,Unknown employment status at referral,Jul-19,20
SOUTH WEST,Not employed at referral,Jul-19,40
SOUTH WEST,Employed at referral,Jul-19,35
SOUTH WEST,Unknown employment status at referral,Jun-19,30
SOUTH WEST,Not employed at referral,Jun-19,30
SOUTH WEST,Employed at referral,Jun-19,25
SOUTH WEST,Unknown employment status at referral,May-19,25
SOUTH WEST,Not employed at referral,May-19,45
SOUTH WEST,Employed at referral,May-19,30
SOUTH WEST,Unknown employment status at referral,Apr-19,20
SOUTH WEST,Not employed at referral,Apr-19,40
SOUTH WEST,Employed at referral,Apr-19,40
SOUTH WEST,Unknown employment status at referral,Mar-19,10
SOUTH WEST,Not employed at referral,Mar-19,40
SOUTH WEST,Employed at referral,Mar-19,30
SOUTH WEST,Unknown employment status at referral,Feb-19,10
SOUTH WEST,Not employed at referral,Feb-19,15
SOUTH WEST,Employed at referral,Feb-19,25
SOUTH WEST,Unknown employment status at referral,Jan-19,20
SOUTH WEST,Not employed at referral,Jan-19,25
SOUTH WEST,Employed at referral,Jan-19,25
SOUTH WEST,Unknown employment status at referral,Dec-18,
SOUTH WEST,Not employed at referral,Dec-18,
SOUTH WEST,Employed at referral,Dec-18,
SOUTH WEST,Unknown employment status at referral,Nov-18,
SOUTH WEST,Not employed at referral,Nov-18,
SOUTH WEST,Employed at referral,Nov-18,
SOUTH WEST,Unknown employment status at referral,Oct-18,
SOUTH WEST,Not employed at referral,Oct-18,
SOUTH WEST,Employed at referral,Oct-18,
SOUTH WEST,Unknown employment status at referral,Sep-18,
SOUTH WEST,Not employed at referral,Sep-18,
SOUTH WEST,Employed at referral,Sep-18,
SOUTH WEST,Unknown employment status at referral,Aug-18,
SOUTH WEST,Not employed at referral,Aug-18,
SOUTH WEST,Employed at referral,Aug-18,
SOUTH WEST,Unknown employment status at referral,Jul-18,
SOUTH WEST,Not employed at referral,Jul-18,
SOUTH WEST,Employed at referral,Jul-18,
,Unknown employment status at referral,Jul-21,5
,Not employed at referral,Jul-21,10
,Employed at referral,Jul-21,
,Unknown employment status at referral,Jun-21,20
,Not employed at referral,Jun-21,5
,Employed at referral,Jun-21,
,Unknown employment status at referral,May-21,40
,Not employed at referral,May-21,20
,Employed at referral,May-21,
,Unknown employment status at referral,Apr-21,50
,Not employed at referral,Apr-21,60
,Employed at referral,Apr-21,10
,Unknown employment status at referral,Mar-21,45
,Not employed at referral,Mar-21,40
,Employed at referral,Mar-21,5
,Unknown employment status at referral,Feb-21,35
,Not employed at referral,Feb-21,20
,Employed at referral,Feb-21,
,Unknown employment status at referral,Jan-21,30
,Not employed at referral,Jan-21,35
,Employed at referral,Jan-21,5
,Unknown employment status at referral,Dec-20,20
,Not employed at referral,Dec-20,5
,Employed at referral,Dec-20,15
,Unknown employment status at referral,Nov-20,35
,Not employed at referral,Nov-20,45
,Employed at referral,Nov-20,10
,Unknown employment status at referral,Oct-20,30
,Not employed at referral,Oct-20,35
,Employed at referral,Oct-20,5
,Unknown employment status at referral,Sep-20,30
,Not employed at referral,Sep-20,35
,Employed at referral,Sep-20,
,Unknown employment status at referral,Aug-20,20
,Not employed at referral,Aug-20,35
,Employed at referral,Aug-20,
,Unknown employment status at referral,Jul-20,30
,Not employed at referral,Jul-20,35
,Employed at referral,Jul-20,
,Unknown employment status at referral,Jun-20,20
,Not employed at referral,Jun-20,20
,Employed at referral,Jun-20,
,Unknown employment status at referral,May-20,20
,Not employed at referral,May-20,15
,Employed at referral,May-20,
,Unknown employment status at referral,Apr-20,15
,Not employed at referral,Apr-20,35
,Employed at referral,Apr-20,
,Unknown employment status at referral,Mar-20,30
,Not employed at referral,Mar-20,
,Employed at referral,Mar-20,
,Unknown employment status at referral,Feb-20,30
,Not employed at referral,Feb-20,5
,Employed at referral,Feb-20,
,Unknown employment status at referral,Jan-20,20
,Not employed at referral,Jan-20,10
,Employed at referral,Jan-20,
,Unknown employment status at referral,Dec-19,10
,Not employed at referral,Dec-19,10
,Employed at referral,Dec-19,
,Unknown employment status at referral,Nov-19,25
,Not employed at referral,Nov-19,15
,Employed at referral,Nov-19,
,Unknown employment status at referral,Oct-19,25
,Not employed at referral,Oct-19,15
,Employed at referral,Oct-19,
,Unknown employment status at referral,Sep-19,40
,Not employed at referral,Sep-19,30
,Employed at referral,Sep-19,
,Unknown employment status at referral,Aug-19,10
,Not employed at referral,Aug-19,10
,Employed at referral,Aug-19,
,Unknown employment status at referral,Jul-19,20
,Not employed at referral,Jul-19,10
,Employed at referral,Jul-19,
,Unknown employment status at referral,Jun-19,20
,Not employed at referral,Jun-19,
,Employed at referral,Jun-19,
,Unknown employment status at referral,May-19,30
,Not employed at referral,May-19,
,Employed at referral,May-19,
,Unknown employment status at referral,Apr-19,25
,Not employed at referral,Apr-19,10
,Employed at referral,Apr-19,
,Unknown employment status at referral,Mar-19,20
,Not employed at referral,Mar-19,10
,Employed at referral,Mar-19,
,Unknown employment status at referral,Feb-19,25
,Not employed at referral,Feb-19,15
,Employed at referral,Feb-19,
,Unknown employment status at referral,Jan-19,
,Not employed at referral,Jan-19,5
,Employed at referral,Jan-19,
,Unknown employment status at referral,Dec-18,
,Not employed at referral,Dec-18,
,Employed at referral,Dec-18,
,Unknown employment status at referral,Nov-18,
,Not employed at referral,Nov-18,5
,Employed at referral,Nov-18,
,Unknown employment status at referral,Oct-18,5
,Not employed at referral,Oct-18,10
,Employed at referral,Oct-18,
,Unknown employment status at referral,Sep-18,
,Not employed at referral,Sep-18,
,Employed at referral,Sep-18,
,Unknown employment status at referral,Aug-18,
,Not employed at referral,Aug-18,
,Employed at referral,Aug-18,
,Unknown employment status at referral,Jul-18,
,Not employed at referral,Jul-18,
,Employed at referral,Jul-18,
,Unknown employment status at referral,Jun-18,
,Not employed at referral,Jun-18,
,Employed at referral,Jun-18,
